docker-cpu,docker-gpu,envd-v0-cpu,envd-v0-gpu,envd-v1-cpu,envd-v1-gpu
53.83986320599999,238.085842801,30.01042113699998,inf,69.64844030100005,inf
