docker-cpu,docker-gpu,envd-v0-cpu,envd-v0-gpu,envd-v1-cpu,envd-v1-gpu
53.94264052599999,237.92849231800005,29.968931972000064,inf,67.10028640500002,inf
