docker-cpu,docker-gpu,envd-v0-cpu,envd-v0-gpu,envd-v1-cpu,envd-v1-gpu
49.6786166,167.997942524,30.075305362999984,161.623470494,66.70077491300003,219.535349721
