envd-v0-cpu,envd-v0-gpu,envd-v1-cpu,envd-v1-gpu,docker-cpu,docker-gpu
117.369848061,790.0358563570001,119.13883758300004,817.2610889929999,65.24969382300014,254.16325159200005
132.59139672100002,876.311541885,131.45271739299983,916.1632712620001,75.08096634899994,309.6706053600001
