envd-v0-cpu,envd-v0-gpu,envd-v1-cpu,envd-v1-gpu,docker-cpu,docker-gpu
117.369848061,790.0358563570001,119.13883758300005,817.2610889929999,65.24969382300014,254.16325159200005
