docker-cpu,docker-gpu,envd-v0-cpu,envd-v0-gpu,envd-v1-cpu,envd-v1-gpu
56.138561341999996,238.943861164,29.932849764000025,inf,68.79954214999998,inf
