docker-cpu,docker-gpu,envd-v0-cpu,envd-v0-gpu,envd-v1-cpu,envd-v1-gpu
49.6786166,167.997942524,30.075305362999984,161.623470494,66.70077491300003,219.535349721
51.558260241,164.38760149700002,28.514266803999988,164.01614524599995,66.58286867599998,216.7520009640001
50.042038654,169.121782844,29.115438142000016,174.596761409,67.13342532900003,225.39769986500005
52.36587213200002,164.34531580600003,29.928796851000016,159.791085244,54.44429507799998,205.28126473499992
58.33731171799998,181.672224947,31.573452697,180.035425964,59.90875764400005,230.25088979
50.59224716399999,158.959175881,30.362563403000024,161.14005923300004,53.02358225900002,208.34840403600003
63.37938252399999,196.40170922199997,35.625403431999985,193.52703758199993,65.87370126500002,242.21537259399997
